[{"dateOfBirth":"1995-02-16T10:44:08.597Z","name":"Mr. Conrad Lowe","avatar":"https://cloudflare-ipfs.com/ipfs/Qmd3W5DuhgHirLHGVixi6V76LhCkZUz6pnFt5AJBiyvHye/avatar/108.jpg","country":"Heard Island and McDonald Islands","city":"Urbana","id":"1"},{"dateOfBirth":"1987-01-26T01:35:29.508Z","name":"Cary Reichel","avatar":"https://cloudflare-ipfs.com/ipfs/Qmd3W5DuhgHirLHGVixi6V76LhCkZUz6pnFt5AJBiyvHye/avatar/1246.jpg","country":"Micronesia","city":"Lake Forestfurt","id":"2"},{"dateOfBirth":"1976-04-02T20:19:15.993Z","name":"Linda Kuhn","avatar":"https://cloudflare-ipfs.com/ipfs/Qmd3W5DuhgHirLHGVixi6V76LhCkZUz6pnFt5AJBiyvHye/avatar/982.jpg","country":"Qatar","city":"North Lela","id":"3"},{"dateOfBirth":"1993-03-19T00:18:31.845Z","name":"Virgil Kuvalis","avatar":"https://cloudflare-ipfs.com/ipfs/Qmd3W5DuhgHirLHGVixi6V76LhCkZUz6pnFt5AJBiyvHye/avatar/1222.jpg","country":"Algeria","city":"Mitchellland","id":"4"},{"dateOfBirth":"1964-10-11T01:32:44.030Z","name":"Mr. Tyler Kuhic","avatar":"https://cloudflare-ipfs.com/ipfs/Qmd3W5DuhgHirLHGVixi6V76LhCkZUz6pnFt5AJBiyvHye/avatar/609.jpg","country":"Estonia","city":"Robertston","id":"5"},{"dateOfBirth":"1961-06-11T18:34:58.300Z","name":"Lillie Rempel","avatar":"https://cloudflare-ipfs.com/ipfs/Qmd3W5DuhgHirLHGVixi6V76LhCkZUz6pnFt5AJBiyvHye/avatar/1041.jpg","country":"Vanuatu","city":"South Yesseniafort","id":"6"},{"dateOfBirth":"1981-09-29T00:39:01.913Z","name":"Carol Predovic","avatar":"https://cloudflare-ipfs.com/ipfs/Qmd3W5DuhgHirLHGVixi6V76LhCkZUz6pnFt5AJBiyvHye/avatar/999.jpg","country":"Ghana","city":"Brownville","id":"7"},{"dateOfBirth":"1943-12-28T08:02:58.688Z","name":"Kelli Graham","avatar":"https://cloudflare-ipfs.com/ipfs/Qmd3W5DuhgHirLHGVixi6V76LhCkZUz6pnFt5AJBiyvHye/avatar/1017.jpg","country":"Saint Martin","city":"Port Magdalenbury","id":"8"},{"dateOfBirth":"1955-03-23T16:11:48.679Z","name":"Jeremy VonRueden","avatar":"https://cloudflare-ipfs.com/ipfs/Qmd3W5DuhgHirLHGVixi6V76LhCkZUz6pnFt5AJBiyvHye/avatar/315.jpg","country":"Tanzania","city":"Port Kaylie","id":"9"},{"dateOfBirth":"1979-03-26T00:44:45.801Z","name":"Ms. Miranda Sporer","avatar":"https://cloudflare-ipfs.com/ipfs/Qmd3W5DuhgHirLHGVixi6V76LhCkZUz6pnFt5AJBiyvHye/avatar/269.jpg","country":"Costa Rica","city":"Lake Jay","id":"10"},{"dateOfBirth":"1993-09-05T12:50:41.527Z","name":"Irvin Auer I","avatar":"https://cloudflare-ipfs.com/ipfs/Qmd3W5DuhgHirLHGVixi6V76LhCkZUz6pnFt5AJBiyvHye/avatar/437.jpg","country":"Belize","city":"East Fannyton","id":"11"},{"dateOfBirth":"1949-01-02T07:14:33.026Z","name":"Rufus Goodwin","avatar":"https://cloudflare-ipfs.com/ipfs/Qmd3W5DuhgHirLHGVixi6V76LhCkZUz6pnFt5AJBiyvHye/avatar/280.jpg","country":"French Polynesia","city":"Alvaworth","id":"12"},{"dateOfBirth":"1957-11-25T19:24:19.491Z","name":"Mrs. Loretta Jaskolski","avatar":"https://cloudflare-ipfs.com/ipfs/Qmd3W5DuhgHirLHGVixi6V76LhCkZUz6pnFt5AJBiyvHye/avatar/757.jpg","country":"Hungary","city":"Gottliebmouth","id":"13"},{"dateOfBirth":"1988-06-21T02:05:06.925Z","name":"John Heller","avatar":"https://cloudflare-ipfs.com/ipfs/Qmd3W5DuhgHirLHGVixi6V76LhCkZUz6pnFt5AJBiyvHye/avatar/685.jpg","country":"Yemen","city":"Danielaport","id":"14"},{"dateOfBirth":"1969-05-13T08:31:09.695Z","name":"Randall Ritchie","avatar":"https://cloudflare-ipfs.com/ipfs/Qmd3W5DuhgHirLHGVixi6V76LhCkZUz6pnFt5AJBiyvHye/avatar/430.jpg","country":"Tuvalu","city":"West Juanaworth","id":"15"},{"dateOfBirth":"1955-06-01T13:43:21.044Z","name":"Mr. Ashley Weissnat","avatar":"https://cloudflare-ipfs.com/ipfs/Qmd3W5DuhgHirLHGVixi6V76LhCkZUz6pnFt5AJBiyvHye/avatar/1085.jpg","country":"Kiribati","city":"North Vincenzastead","id":"16"},{"dateOfBirth":"1950-10-27T07:25:35.175Z","name":"Miranda Vandervort Jr.","avatar":"https://cloudflare-ipfs.com/ipfs/Qmd3W5DuhgHirLHGVixi6V76LhCkZUz6pnFt5AJBiyvHye/avatar/1022.jpg","country":"Central African Republic","city":"Timothyton","id":"17"},{"dateOfBirth":"1982-06-03T05:39:41.004Z","name":"Chad Konopelski","avatar":"https://cloudflare-ipfs.com/ipfs/Qmd3W5DuhgHirLHGVixi6V76LhCkZUz6pnFt5AJBiyvHye/avatar/1027.jpg","country":"Angola","city":"Thaddeusstead","id":"18"},{"dateOfBirth":"1982-12-06T19:35:12.870Z","name":"Hector Schneider","avatar":"https://cloudflare-ipfs.com/ipfs/Qmd3W5DuhgHirLHGVixi6V76LhCkZUz6pnFt5AJBiyvHye/avatar/293.jpg","country":"Central African Republic","city":"Alexaneberg","id":"19"},{"dateOfBirth":"1971-12-12T06:28:24.276Z","name":"Shannon Shanahan","avatar":"https://cloudflare-ipfs.com/ipfs/Qmd3W5DuhgHirLHGVixi6V76LhCkZUz6pnFt5AJBiyvHye/avatar/1019.jpg","country":"South Africa","city":"Lake Kade","id":"20"},{"dateOfBirth":"1965-08-12T02:55:41.640Z","name":"Dixie Schoen","avatar":"https://cloudflare-ipfs.com/ipfs/Qmd3W5DuhgHirLHGVixi6V76LhCkZUz6pnFt5AJBiyvHye/avatar/128.jpg","country":"United Arab Emirates","city":"South Annieside","id":"21"},{"dateOfBirth":"1968-10-27T01:32:16.549Z","name":"Miss Bob Feest","avatar":"https://cloudflare-ipfs.com/ipfs/Qmd3W5DuhgHirLHGVixi6V76LhCkZUz6pnFt5AJBiyvHye/avatar/692.jpg","country":"Netherlands","city":"Baileycester","id":"22"},{"dateOfBirth":"1982-11-02T00:49:38.892Z","name":"Dr. Tina Welch","avatar":"https://cloudflare-ipfs.com/ipfs/Qmd3W5DuhgHirLHGVixi6V76LhCkZUz6pnFt5AJBiyvHye/avatar/1237.jpg","country":"Bolivia","city":"Lowell","id":"23"},{"dateOfBirth":"1958-04-15T23:35:02.865Z","name":"Brent Goodwin","avatar":"https://cloudflare-ipfs.com/ipfs/Qmd3W5DuhgHirLHGVixi6V76LhCkZUz6pnFt5AJBiyvHye/avatar/283.jpg","country":"French Guiana","city":"Fort Berniceberg","id":"24"},{"dateOfBirth":"1978-07-30T01:53:08.038Z","name":"Orville Veum","avatar":"https://cloudflare-ipfs.com/ipfs/Qmd3W5DuhgHirLHGVixi6V76LhCkZUz6pnFt5AJBiyvHye/avatar/499.jpg","country":"Guinea-Bissau","city":"Lake Hardyworth","id":"25"},{"dateOfBirth":"1958-07-08T09:05:58.427Z","name":"Erma Fahey","avatar":"https://cloudflare-ipfs.com/ipfs/Qmd3W5DuhgHirLHGVixi6V76LhCkZUz6pnFt5AJBiyvHye/avatar/167.jpg","country":"British Indian Ocean Territory (Chagos Archipelago)","city":"Fond du Lac","id":"26"},{"dateOfBirth":"1945-11-14T03:52:24.619Z","name":"Mr. Mildred Crona","avatar":"https://cloudflare-ipfs.com/ipfs/Qmd3W5DuhgHirLHGVixi6V76LhCkZUz6pnFt5AJBiyvHye/avatar/1196.jpg","country":"Cuba","city":"Prosaccoton","id":"27"},{"dateOfBirth":"1985-06-19T23:36:16.578Z","name":"Jay Hagenes","avatar":"https://cloudflare-ipfs.com/ipfs/Qmd3W5DuhgHirLHGVixi6V76LhCkZUz6pnFt5AJBiyvHye/avatar/122.jpg","country":"Holy See (Vatican City State)","city":"New Norahaven","id":"28"},{"dateOfBirth":"1995-11-18T08:35:30.621Z","name":"Carla Stark","avatar":"https://cloudflare-ipfs.com/ipfs/Qmd3W5DuhgHirLHGVixi6V76LhCkZUz6pnFt5AJBiyvHye/avatar/38.jpg","country":"Papua New Guinea","city":"Broomfield","id":"29"},{"dateOfBirth":"1955-01-04T20:06:30.531Z","name":"Jennie Brown","avatar":"https://cloudflare-ipfs.com/ipfs/Qmd3W5DuhgHirLHGVixi6V76LhCkZUz6pnFt5AJBiyvHye/avatar/664.jpg","country":"Bangladesh","city":"Lincoln","id":"30"},{"dateOfBirth":"1959-07-10T05:51:26.089Z","name":"Gordon Abernathy","avatar":"https://cloudflare-ipfs.com/ipfs/Qmd3W5DuhgHirLHGVixi6V76LhCkZUz6pnFt5AJBiyvHye/avatar/918.jpg","country":"Saint Lucia","city":"Lake Elsinore","id":"31"},{"dateOfBirth":"1988-12-11T03:56:30.020Z","name":"Susan Hickle","avatar":"https://cloudflare-ipfs.com/ipfs/Qmd3W5DuhgHirLHGVixi6V76LhCkZUz6pnFt5AJBiyvHye/avatar/315.jpg","country":"Tonga","city":"Theachester","id":"32"},{"dateOfBirth":"1968-11-21T11:53:08.631Z","name":"Charles Labadie","avatar":"https://cloudflare-ipfs.com/ipfs/Qmd3W5DuhgHirLHGVixi6V76LhCkZUz6pnFt5AJBiyvHye/avatar/600.jpg","country":"Lesotho","city":"Lake Pattieworth","id":"33"},{"dateOfBirth":"1983-01-08T13:06:20.217Z","name":"Dr. Virgil Mann DVM","avatar":"https://cloudflare-ipfs.com/ipfs/Qmd3W5DuhgHirLHGVixi6V76LhCkZUz6pnFt5AJBiyvHye/avatar/629.jpg","country":"United Kingdom","city":"Colinmouth","id":"34"},{"dateOfBirth":"2004-07-16T00:30:35.201Z","name":"Sue Adams","avatar":"https://cloudflare-ipfs.com/ipfs/Qmd3W5DuhgHirLHGVixi6V76LhCkZUz6pnFt5AJBiyvHye/avatar/922.jpg","country":"Jersey","city":"Lake Ahmadton","id":"35"},{"dateOfBirth":"1953-12-08T18:44:18.169Z","name":"Jeffery Osinski DVM","avatar":"https://cloudflare-ipfs.com/ipfs/Qmd3W5DuhgHirLHGVixi6V76LhCkZUz6pnFt5AJBiyvHye/avatar/747.jpg","country":"Guinea-Bissau","city":"Lueilwitzberg","id":"36"},{"dateOfBirth":"1994-04-09T19:48:15.519Z","name":"Kirk Nicolas","avatar":"https://cloudflare-ipfs.com/ipfs/Qmd3W5DuhgHirLHGVixi6V76LhCkZUz6pnFt5AJBiyvHye/avatar/921.jpg","country":"Djibouti","city":"Watsonborough","id":"37"},{"dateOfBirth":"1961-08-23T08:24:26.274Z","name":"Miss Enrique Orn II","avatar":"https://cloudflare-ipfs.com/ipfs/Qmd3W5DuhgHirLHGVixi6V76LhCkZUz6pnFt5AJBiyvHye/avatar/570.jpg","country":"Costa Rica","city":"Renton","id":"38"},{"dateOfBirth":"1957-10-10T15:04:05.437Z","name":"Casey Boyer","avatar":"https://cloudflare-ipfs.com/ipfs/Qmd3W5DuhgHirLHGVixi6V76LhCkZUz6pnFt5AJBiyvHye/avatar/233.jpg","country":"Saint Lucia","city":"Franeyworth","id":"39"},{"dateOfBirth":"1972-12-07T20:18:39.418Z","name":"Ms. Alfred Jaskolski","avatar":"https://cloudflare-ipfs.com/ipfs/Qmd3W5DuhgHirLHGVixi6V76LhCkZUz6pnFt5AJBiyvHye/avatar/695.jpg","country":"Venezuela","city":"Lake Cale","id":"40"},{"dateOfBirth":"1963-01-21T23:51:50.577Z","name":"Ms. Santiago Heathcote IV","avatar":"https://cloudflare-ipfs.com/ipfs/Qmd3W5DuhgHirLHGVixi6V76LhCkZUz6pnFt5AJBiyvHye/avatar/740.jpg","country":"Iraq","city":"West Priscillaworth","id":"41"},{"dateOfBirth":"1957-05-26T07:23:57.701Z","name":"Neil Mohr","avatar":"https://cloudflare-ipfs.com/ipfs/Qmd3W5DuhgHirLHGVixi6V76LhCkZUz6pnFt5AJBiyvHye/avatar/503.jpg","country":"China","city":"South Lula","id":"42"},{"dateOfBirth":"1987-06-26T16:20:43.122Z","name":"Courtney D'Amore","avatar":"https://cloudflare-ipfs.com/ipfs/Qmd3W5DuhgHirLHGVixi6V76LhCkZUz6pnFt5AJBiyvHye/avatar/1178.jpg","country":"Reunion","city":"Fort Ronaldo","id":"43"},{"dateOfBirth":"1945-12-19T06:38:40.132Z","name":"Donnie Okuneva","avatar":"https://cloudflare-ipfs.com/ipfs/Qmd3W5DuhgHirLHGVixi6V76LhCkZUz6pnFt5AJBiyvHye/avatar/605.jpg","country":"Mexico","city":"Sauerburgh","id":"44"},{"dateOfBirth":"1957-05-29T20:04:06.457Z","name":"Miss Mabel Wisoky","avatar":"https://cloudflare-ipfs.com/ipfs/Qmd3W5DuhgHirLHGVixi6V76LhCkZUz6pnFt5AJBiyvHye/avatar/265.jpg","country":"Senegal","city":"Lake Theodorefurt","id":"45"},{"dateOfBirth":"1961-01-08T02:13:16.540Z","name":"Joseph Kris","avatar":"https://cloudflare-ipfs.com/ipfs/Qmd3W5DuhgHirLHGVixi6V76LhCkZUz6pnFt5AJBiyvHye/avatar/994.jpg","country":"Brazil","city":"New Archfield","id":"46"},{"dateOfBirth":"1984-09-23T13:23:15.226Z","name":"Ethel Parker","avatar":"https://cloudflare-ipfs.com/ipfs/Qmd3W5DuhgHirLHGVixi6V76LhCkZUz6pnFt5AJBiyvHye/avatar/534.jpg","country":"Mauritania","city":"Christopheland","id":"47"},{"dateOfBirth":"1949-04-28T02:43:28.597Z","name":"Marsha Bartoletti","avatar":"https://cloudflare-ipfs.com/ipfs/Qmd3W5DuhgHirLHGVixi6V76LhCkZUz6pnFt5AJBiyvHye/avatar/964.jpg","country":"Poland","city":"North Karley","id":"48"},{"dateOfBirth":"1984-07-30T10:08:29.316Z","name":"Luz Hammes","avatar":"https://cloudflare-ipfs.com/ipfs/Qmd3W5DuhgHirLHGVixi6V76LhCkZUz6pnFt5AJBiyvHye/avatar/872.jpg","country":"Benin","city":"East Garfield","id":"49"},{"dateOfBirth":"1955-04-08T20:57:07.602Z","name":"Brandy Stokes","avatar":"https://cloudflare-ipfs.com/ipfs/Qmd3W5DuhgHirLHGVixi6V76LhCkZUz6pnFt5AJBiyvHye/avatar/212.jpg","country":"Tunisia","city":"East Marianoburgh","id":"50"},{"dateOfBirth":"1985-08-07T06:32:24.874Z","name":"Luther Walsh","avatar":"https://cloudflare-ipfs.com/ipfs/Qmd3W5DuhgHirLHGVixi6V76LhCkZUz6pnFt5AJBiyvHye/avatar/1009.jpg","country":"United Arab Emirates","city":"Port Namefort","id":"51"},{"dateOfBirth":"1996-10-26T14:00:24.531Z","name":"Tasha Schamberger","avatar":"https://cloudflare-ipfs.com/ipfs/Qmd3W5DuhgHirLHGVixi6V76LhCkZUz6pnFt5AJBiyvHye/avatar/78.jpg","country":"Republic of Korea","city":"Chazfurt","id":"52"},{"dateOfBirth":"1955-08-02T01:45:15.412Z","name":"Emilio Spencer","avatar":"https://cloudflare-ipfs.com/ipfs/Qmd3W5DuhgHirLHGVixi6V76LhCkZUz6pnFt5AJBiyvHye/avatar/560.jpg","country":"Reunion","city":"Darrylview","id":"53"},{"dateOfBirth":"1967-01-29T02:52:40.812Z","name":"Jan Blanda V","avatar":"https://cloudflare-ipfs.com/ipfs/Qmd3W5DuhgHirLHGVixi6V76LhCkZUz6pnFt5AJBiyvHye/avatar/1122.jpg","country":"Vanuatu","city":"Keeblerville","id":"54"},{"dateOfBirth":"1948-04-23T16:56:46.409Z","name":"Essie Jacobs","avatar":"https://cloudflare-ipfs.com/ipfs/Qmd3W5DuhgHirLHGVixi6V76LhCkZUz6pnFt5AJBiyvHye/avatar/495.jpg","country":"Peru","city":"Watsicabury","id":"55"}]